{
  "version": "7",
  "dialect": "mysql",
  "entries": [
    {
      "idx": 0,
      "version": "5",
      "when": 1762222126112,
      "tag": "0000_flashy_rattler",
      "breakpoints": true
    },
    {
      "idx": 1,
      "version": "5",
      "when": 1762222192439,
      "tag": "0001_deep_red_shift",
      "breakpoints": true
    },
    {
      "idx": 2,
      "version": "5",
      "when": 1762455020188,
      "tag": "0002_minor_cammi",
      "breakpoints": true
    },
    {
      "idx": 3,
      "version": "5",
      "when": 1762455764356,
      "tag": "0003_magical_nightmare",
      "breakpoints": true
    },
    {
      "idx": 4,
      "version": "5",
      "when": 1762469356802,
      "tag": "0004_rapid_impossible_man",
      "breakpoints": true
    },
    {
      "idx": 5,
      "version": "5",
      "when": 1765309162853,
      "tag": "0005_bizarre_quasar",
      "breakpoints": true
    },
    {
      "idx": 6,
      "version": "5",
      "when": 1765340110021,
      "tag": "0006_perpetual_gambit",
      "breakpoints": true
    }
  ]
}